<?xml version="1.0" encoding="UTF-8" standalone="yes"?>
<addon id="repository.Dawg" name="DawgRepo" version="1.1" provider-name="JDawg">
    <extension point="xbmc.addon.repository" name="Example Repository">
        <dir>
            <info compressed="false">https://raw.githubusercontent.com/jason247g/Dawgrepo/repo/zips/addons.xml</info>
            <checksum>https://raw.githubusercontent.com/jason247g/Dawgrepo/repo/zips/addons.xml.md5</checksum>
            <datadir zip="true">https://raw.githubusercontent.com/jason247g/Dawgrepo/repo/zips/</datadir>
        </dir>
    </extension>
    <extension point="xbmc.addon.metadata">
        <summary>Dawg Repo</summary>
        <description>Welcome to the Dawg House</description>
        <disclaimer></disclaimer>
        <platform>all</platform>
        <assets>
            <icon>https://github.com/jason247g/Dawg/raw/main/icon.png</icon>
            <fanart>https://github.com/jason247g/Dawg/raw/main/fanart.jpg</fanart>
        </assets>
    </extension>
</addon>